{"cameraMode":{"drawMode":0,"name":"Shaded","section":"Shading Mode"},"sceneLighting":true,"audioPlay":false,"sceneViewState":{"showFog":true,"showMaterialUpdate":false,"showSkybox":true,"showFlares":true,"showImageEffects":true,"showParticleSystems":true},"in2DMode":false,"pivot":{"x":260.14947509765627,"y":123.91812133789063,"z":-207.21728515625},"rotation":{"x":0.17733259499073029,"y":-0.22081901133060456,"z":0.040867239236831668,"w":0.9581887125968933},"size":350.1061706542969,"orthographic":false}